<?xml version="1.0" encoding="UTF-8"?><idempiere Name="frontuari-features" Version="1.0.0" idempiereVersion="" DataBaseVersion="" Description="Este plugins contiene mejoras hechas por la empresa Frontuari, necesarias para el correcto funcionamiento en la empresa Venecauchos, C.A." Author="Jorge Colmenarez" AuthorEmail="jcolmenarez@frontuari.com" CreatedDate="2017-09-19 23:19:15.743" UpdatedDate="2017-09-19 23:19:15.743" PackOutVersion="100" UpdateDictionary="false" Client="0-SYSTEM-System" AD_Client_UU="11237b53-9592-4af1-b3c5-afd216514b5d">
    <AD_EntityType type="table">
        <AD_Client_ID>0</AD_Client_ID>
        <AD_Org_ID>0</AD_Org_ID>
        <EntityType>FTU</EntityType>
        <IsActive>Y</IsActive>
        <Name>Frontuari, C.A.</Name>
        <Description>Adaptaciones / Desarrollos necesarios para la Localización de Venezuela</Description>
        <Help/>
        <Version/>
        <ModelPackage>org.frontuari.model</ModelPackage>
        <Classpath/>
        <Processing>N</Processing>
        <AD_EntityType_UU>75579912-43ed-4a9e-a336-7f1fa8186e7e</AD_EntityType_UU>
    </AD_EntityType>
    <SQLStatement type="custom">
        <DBType>Postgres</DBType>
        <statement><![CDATA[CREATE OR REPLACE FUNCTION productasicostpriceat(
            p_m_product_id numeric,
            p_movementdate timestamp without time zone,
            p_m_attributesetinstance_id numeric)
            RETURNS numeric AS
            $BODY$

            DECLARE
            v_CurrentCostPrice	NUMERIC;
            BEGIN
                SELECT cd.CurrentCostPrice + COALESCE(lc.Price,0) AS CurrentCostPrice 
                    INTO v_CurrentCostPrice
                FROM M_CostDetail cd
                INNER JOIN C_AcctSchema cas ON (cd.C_AcctSchema_ID=cas.C_AcctSchema_ID) 
                LEFT JOIN (SELECT cd.C_InvoiceLine_ID,mpo.C_OrderLine_ID,cd.CurrentCostPrice,cd.Amt/cd.Qty AS Price
                    FROM C_LandedCost lc 
                    INNER JOIN C_LandedCostAllocation lca ON (lc.C_InvoiceLine_ID=lca.C_InvoiceLine_ID)
                    LEFT JOIN M_CostDetail cd ON (cd.C_InvoiceLine_ID =lca.C_InvoiceLine_ID)
                    LEFT JOIN M_InOutLine iol ON (iol.M_InOutLine_ID = lc.M_InOutLine_ID OR iol.M_InOut_ID = lc.M_InOut_ID)
                    LEFT JOIN M_MatchPO mpo ON (mpo.M_InOutLine_ID = iol.M_InOutLine_ID AND mpo.M_Product_ID = cd.M_Product_ID)
                    WHERE mpo.C_OrderLine_ID IS NOT NULL
                    AND cd.CurrentCostPrice <> 0) lc ON lc.C_OrderLine_ID = cd.C_OrderLine_ID
                WHERE cd.M_Product_ID = p_M_Product_ID AND ((cd.M_AttributeSetInstance_ID=p_M_AttributeSetInstance_ID AND cas.CostingLevel = 'B') OR p_M_AttributeSetInstance_ID = 0)
                AND cd.Created::DATE <= p_MovementDate
                AND cd.M_CostElement_ID Is NULL
                ORDER BY cd.Created DESC
                LIMIT 1;

            IF v_CurrentCostPrice IS NULL THEN
                v_CurrentCostPrice := 0;
            END IF;
            RETURN 	v_CurrentCostPrice; END;

            $BODY$
            LANGUAGE plpgsql VOLATILE
            COST 100;]]>
        </statement>
    </SQLStatement>
    <SQLStatement type="custom">
        <DBType>Postgres</DBType>
        <statement>
            <![CDATA[ALTER FUNCTION productasicostpriceat(numeric, timestamp without time zone, numeric) OWNER TO adempiere;]]>
        </statement>
    </SQLStatement>
    <SQLStatement type="custom">
        <DBType>Postgres</DBType>
        <statement><![CDATA[DROP VIEW IF EXISTS lve_rv_pricelist;]]>
        </statement>
    </SQLStatement>
    <SQLStatement type="custom">
        <DBType>Postgres</DBType>
        <statement><![CDATA[﻿CREATE OR REPLACE VIEW lve_rv_pricelist AS 
            SELECT pl.ad_client_id, s.ad_org_id, pl.m_pricelist_id, 
            pl.name AS pricelist_name, pl.c_currency_id, pl.issopricelist, 
            plv.m_pricelist_version_id, plv.name AS pricelist_version_name, 
            plv.validfrom, p.m_product_category_id, pp.m_product_id, 
            COALESCE(s.m_attributesetinstance_id, 0::numeric) AS m_attributesetinstance_id, 
            p.value, p.name, 
            round(max(
            CASE dsl.list_base
            WHEN 'P'::bpchar THEN productasicostpriceat(pp.m_product_id, (CASE WHEN NOW() > plv.validfrom THEN NOW() ELSE plv.validfrom END)::date, COALESCE(s.m_attributesetinstance_id, 0::numeric)) - productasicostpriceat(pp.m_product_id, (CASE WHEN NOW() > plv.validfrom THEN NOW() ELSE plv.validfrom END)::date, COALESCE(s.m_attributesetinstance_id, 0::numeric)) * (dsl.list_discount / 100::numeric)
            WHEN 'L'::bpchar THEN pp.pricelist - (pp.pricelist - dsl.list_discount / 100::numeric)
            WHEN 'S'::bpchar THEN pp.pricestd - (pp.pricestd - dsl.list_discount / 100::numeric)
            WHEN 'X'::bpchar THEN pp.pricelimit - (pp.pricelimit - dsl.list_discount / 100::numeric)
            WHEN 'F'::bpchar THEN dsl.list_fixed
            ELSE NULL::numeric
            END), ( SELECT c_currency.stdprecision
            FROM c_currency
            WHERE c_currency.c_currency_id = pl.c_currency_id)) AS pricelist, 
            round(max(
            CASE dsl.std_base
            WHEN 'P'::bpchar THEN productasicostpriceat(pp.m_product_id, (CASE WHEN NOW() > plv.validfrom THEN NOW() ELSE plv.validfrom END)::date, COALESCE(s.m_attributesetinstance_id, 0::numeric)) - productasicostpriceat(pp.m_product_id, (CASE WHEN NOW() > plv.validfrom THEN NOW() ELSE plv.validfrom END)::date, COALESCE(s.m_attributesetinstance_id, 0::numeric)) * (dsl.std_discount / 100::numeric)
            WHEN 'L'::bpchar THEN pp.pricelist - (pp.pricelist - dsl.std_discount / 100::numeric)
            WHEN 'S'::bpchar THEN pp.pricestd - (pp.pricestd - dsl.std_discount / 100::numeric)
            WHEN 'X'::bpchar THEN pp.pricelimit - (pp.pricelimit - dsl.std_discount / 100::numeric)
            WHEN 'F'::bpchar THEN dsl.std_fixed
            ELSE NULL::numeric
            END), ( SELECT c_currency.stdprecision
            FROM c_currency
            WHERE c_currency.c_currency_id = pl.c_currency_id)) AS pricestd, 
            round(max(
            CASE dsl.limit_base
            WHEN 'P'::bpchar THEN productasicostpriceat(pp.m_product_id, (CASE WHEN NOW() > plv.validfrom THEN NOW() ELSE plv.validfrom END)::date, COALESCE(s.m_attributesetinstance_id, 0::numeric)) - productasicostpriceat(pp.m_product_id, (CASE WHEN NOW() > plv.validfrom THEN NOW() ELSE plv.validfrom END)::date, COALESCE(s.m_attributesetinstance_id, 0::numeric)) * (dsl.limit_discount / 100::numeric)
            WHEN 'L'::bpchar THEN pp.pricelist - (pp.pricelist - dsl.limit_discount / 100::numeric)
            WHEN 'S'::bpchar THEN pp.pricestd - (pp.pricestd - dsl.limit_discount / 100::numeric)
            WHEN 'X'::bpchar THEN pp.pricelimit - (pp.pricelimit - dsl.limit_discount / 100::numeric)
            WHEN 'F'::bpchar THEN dsl.limit_fixed
            ELSE NULL::numeric
            END), ( SELECT c_currency.stdprecision
            FROM c_currency
            WHERE c_currency.c_currency_id = pl.c_currency_id)) AS pricelimit, 
            max(p.rate) AS rate, 
            productasicostpriceat(pp.m_product_id, (CASE WHEN NOW() > plv.validfrom THEN NOW() ELSE plv.validfrom END)::date, COALESCE(s.m_attributesetinstance_id, 0::numeric)) AS costamt, 
            ROUND(MAX(CASE dsl.list_base
            WHEN 'P'::bpchar THEN productasicostpriceat(pp.m_product_id, (CASE WHEN NOW() > plv.validfrom THEN NOW() ELSE plv.validfrom END)::date, COALESCE(s.m_attributesetinstance_id, 0::numeric)) - productasicostpriceat(pp.m_product_id, (CASE WHEN NOW() > plv.validfrom THEN NOW() ELSE plv.validfrom END)::date, COALESCE(s.m_attributesetinstance_id, 0::numeric)) * (dsl.list_discount / 100::numeric)
            WHEN 'L'::bpchar THEN pp.pricelist - (pp.pricelist - dsl.list_discount / 100::numeric)
            WHEN 'S'::bpchar THEN pp.pricestd - (pp.pricestd - dsl.list_discount / 100::numeric)
            WHEN 'X'::bpchar THEN pp.pricelimit - (pp.pricelimit - dsl.list_discount / 100::numeric)
            WHEN 'F'::bpchar THEN dsl.list_fixed
            ELSE NULL::numeric
            END),( SELECT c_currency.stdprecision
            FROM c_currency
            WHERE c_currency.c_currency_id = pl.c_currency_id)) AS priceactual,
            sum(s.qtyavailable) AS qtyavailable, 
            round(MAX(CASE dsl.list_base
            WHEN 'P'::bpchar THEN productasicostpriceat(pp.m_product_id, (CASE WHEN NOW() > plv.validfrom THEN NOW() ELSE plv.validfrom END)::date, COALESCE(s.m_attributesetinstance_id, 0::numeric)) - productasicostpriceat(pp.m_product_id, (CASE WHEN NOW() > plv.validfrom THEN NOW() ELSE plv.validfrom END)::date, COALESCE(s.m_attributesetinstance_id, 0::numeric)) * (dsl.list_discount / 100::numeric)
            WHEN 'L'::bpchar THEN pp.pricelist - (pp.pricelist - dsl.list_discount / 100::numeric)
            WHEN 'S'::bpchar THEN pp.pricestd - (pp.pricestd - dsl.list_discount / 100::numeric)
            WHEN 'X'::bpchar THEN pp.pricelimit - (pp.pricelimit - dsl.list_discount / 100::numeric)
            WHEN 'F'::bpchar THEN dsl.list_fixed
            ELSE NULL::numeric
            END * (p.rate / 100::numeric)),(SELECT c_currency.stdprecision
            FROM c_currency
            WHERE c_currency.c_currency_id = pl.c_currency_id)) AS TaxAmt,
            round(max(
            CASE dsl.list_base
            WHEN 'P'::bpchar THEN productasicostpriceat(pp.m_product_id, (CASE WHEN NOW() > plv.validfrom THEN NOW() ELSE plv.validfrom END)::date, COALESCE(s.m_attributesetinstance_id, 0::numeric)) - productasicostpriceat(pp.m_product_id, (CASE WHEN NOW() > plv.validfrom THEN NOW() ELSE plv.validfrom END)::date, COALESCE(s.m_attributesetinstance_id, 0::numeric)) * (dsl.list_discount / 100::numeric)
            WHEN 'L'::bpchar THEN pp.pricelist - (pp.pricelist - dsl.list_discount / 100::numeric)
            WHEN 'S'::bpchar THEN pp.pricestd - (pp.pricestd - dsl.list_discount / 100::numeric)
            WHEN 'X'::bpchar THEN pp.pricelimit - (pp.pricelimit - dsl.list_discount / 100::numeric)
            WHEN 'F'::bpchar THEN dsl.list_fixed
            ELSE NULL::numeric
            END + 
            CASE dsl.list_base
            WHEN 'P'::bpchar THEN productasicostpriceat(pp.m_product_id, (CASE WHEN NOW() > plv.validfrom THEN NOW() ELSE plv.validfrom END)::date, COALESCE(s.m_attributesetinstance_id, 0::numeric)) - productasicostpriceat(pp.m_product_id, (CASE WHEN NOW() > plv.validfrom THEN NOW() ELSE plv.validfrom END)::date, COALESCE(s.m_attributesetinstance_id, 0::numeric)) * (dsl.list_discount / 100::numeric)
            WHEN 'L'::bpchar THEN pp.pricelist - (pp.pricelist - dsl.list_discount / 100::numeric)
            WHEN 'S'::bpchar THEN pp.pricestd - (pp.pricestd - dsl.list_discount / 100::numeric)
            WHEN 'X'::bpchar THEN pp.pricelimit - (pp.pricelimit - dsl.list_discount / 100::numeric)
            WHEN 'F'::bpchar THEN dsl.list_fixed
            ELSE NULL::numeric
            END * (p.rate / 100::numeric)), (SELECT c_currency.stdprecision
            FROM c_currency
            WHERE c_currency.c_currency_id = pl.c_currency_id)) AS priceentered, 
            CASE
            WHEN productasicostpriceat(pp.m_product_id, (CASE WHEN NOW() > plv.validfrom THEN NOW() ELSE plv.validfrom END)::date, COALESCE(s.m_attributesetinstance_id, 0::numeric)) = 0::numeric THEN 1::numeric
            ELSE (max(
            CASE dsl.list_base
            WHEN 'P'::bpchar THEN productasicostpriceat(pp.m_product_id, (CASE WHEN NOW() > plv.validfrom THEN NOW() ELSE plv.validfrom END)::date, COALESCE(s.m_attributesetinstance_id, 0::numeric)) - productasicostpriceat(pp.m_product_id, (CASE WHEN NOW() > plv.validfrom THEN NOW() ELSE plv.validfrom END)::date, COALESCE(s.m_attributesetinstance_id, 0::numeric)) * (dsl.list_discount / 100::numeric)
            WHEN 'L'::bpchar THEN pp.pricelist - (pp.pricelist - dsl.list_discount / 100::numeric)
            WHEN 'S'::bpchar THEN pp.pricestd - (pp.pricestd - dsl.list_discount / 100::numeric)
            WHEN 'X'::bpchar THEN pp.pricelimit - (pp.pricelimit - dsl.list_discount / 100::numeric)
            WHEN 'F'::bpchar THEN dsl.list_fixed
            ELSE NULL::numeric
            END) - productasicostpriceat(pp.m_product_id, (CASE WHEN NOW() > plv.validfrom THEN NOW() ELSE plv.validfrom END)::date, COALESCE(s.m_attributesetinstance_id, 0::numeric))) / productasicostpriceat(pp.m_product_id, (CASE WHEN NOW() > plv.validfrom THEN NOW() ELSE plv.validfrom END)::date, COALESCE(s.m_attributesetinstance_id, 0::numeric))
            END AS grossmargin
            FROM m_pricelist pl
            JOIN m_pricelist_version plv ON pl.m_pricelist_id = plv.m_pricelist_id
            JOIN m_productprice pp ON plv.m_pricelist_version_id = pp.m_pricelist_version_id
            JOIN ( SELECT p.m_product_id, p.value, p.name, p.m_product_category_id, 
            ( SELECT max(t.rate) AS max
            FROM c_tax t
            WHERE p.c_taxcategory_id = t.c_taxcategory_id) AS rate
            FROM m_product p) p ON pp.m_product_id = p.m_product_id
            LEFT JOIN rv_storage s ON pp.m_product_id = s.m_product_id
            LEFT JOIN m_discountschemaline dsl ON dsl.m_discountschema_id = plv.m_discountschema_id AND (dsl.m_product_id IS NULL AND p.m_product_category_id = dsl.m_product_category_id OR dsl.m_product_id IS NOT NULL AND dsl.m_product_id = p.m_product_id)
            GROUP BY pl.ad_client_id, pl.ad_org_id, pl.m_pricelist_id, pl.name, pl.c_currency_id, pl.issopricelist, plv.m_pricelist_version_id, plv.name, plv.validfrom, p.m_product_category_id, pp.m_product_id, p.value, p.name, s.m_attributesetinstance_id, s.ad_org_id;]]>
        </statement>
    </SQLStatement>
    <AD_Menu type="table">
        <Parent_ID reference="id">458</Parent_ID>
        <SeqNo>3</SeqNo>
        <AD_Client_ID>0</AD_Client_ID>
        <AD_Org_ID>0</AD_Org_ID>
        <Name>Void Fiscal Invoiced</Name>
        <Description>Void Fiscal Invoiced</Description>
        <Action>P</Action>
        <AD_Window_ID reference="id"/>
        <AD_Workflow_ID reference="id"/>
        <AD_Task_ID reference="id"/>
        <IsActive>Y</IsActive>
        <IsSummary>N</IsSummary>
        <AD_Process_ID reference="uuid" reference-key="AD_Process">1b072a7a-9d4d-4ffd-9984-4eb5a3c32a63</AD_Process_ID>
        <IsSOTrx>Y</IsSOTrx>
        <AD_Form_ID reference="id"/>
        <IsReadOnly>N</IsReadOnly>
        <EntityType>FTU</EntityType>
        <IsCentrallyMaintained>Y</IsCentrallyMaintained>
        <AD_Menu_UU>453fdd49-7f1f-4698-a59a-1182f3527625</AD_Menu_UU>
        <AD_InfoWindow_ID reference="id"/>
        <AD_Menu_Trl type="translation">
            <Name>Anular Factura Fiscal</Name>
            <Description>Anular Factura Fiscal</Description>
            <AD_Language>es_CO</AD_Language>
            <IsActive>Y</IsActive>
            <IsTranslated>N</IsTranslated>
        </AD_Menu_Trl>
        <AD_Menu_Trl type="translation">
            <Name>Anular Factura Fiscal</Name>
            <Description>Anular Factura Fiscal</Description>
            <AD_Language>es_VE</AD_Language>
            <IsActive>Y</IsActive>
            <IsTranslated>N</IsTranslated>
        </AD_Menu_Trl>
        <AD_Process type="table">
            <AD_Client_ID>0</AD_Client_ID>
            <AD_Org_ID>0</AD_Org_ID>
            <IsActive>Y</IsActive>
            <Name>Void Fiscal Invoiced</Name>
            <Description>Void Fiscal Invoiced</Description>
            <Help/>
            <ProcedureName/>
            <IsReport>N</IsReport>
            <Value>prc_VoidFiscalInvoiced</Value>
            <IsDirectPrint>N</IsDirectPrint>
            <AD_ReportView_ID reference="id"/>
            <Classname>org.frontuari.process.VoidFiscalInvoiced</Classname>
            <AccessLevel>3</AccessLevel>
            <EntityType>FTU</EntityType>
            <Statistic_Count>0</Statistic_Count>
            <Statistic_Seconds>0</Statistic_Seconds>
            <AD_PrintFormat_ID reference="id"/>
            <WorkflowValue/>
            <AD_Workflow_ID reference="id"/>
            <IsBetaFunctionality>N</IsBetaFunctionality>
            <IsServerProcess>N</IsServerProcess>
            <ShowHelp>Y</ShowHelp>
            <JasperReport/>
            <AD_Form_ID reference="id"/>
            <CopyFromProcess>N</CopyFromProcess>
            <AD_Process_UU>1b072a7a-9d4d-4ffd-9984-4eb5a3c32a63</AD_Process_UU>
            <AD_CtxHelp_ID reference="id"/>
            <AD_Process_Trl type="translation">
                <Help/>
                <Description>Anular Factura Fiscal</Description>
                <Name>Anular Factura Fiscal</Name>
                <AD_Language>es_CO</AD_Language>
                <IsActive>Y</IsActive>
                <IsTranslated>N</IsTranslated>
            </AD_Process_Trl>
            <AD_Process_Trl type="translation">
                <Help/>
                <Description>Anular Factura Fiscal</Description>
                <Name>Anular Factura Fiscal</Name>
                <AD_Language>es_VE</AD_Language>
                <IsActive>Y</IsActive>
                <IsTranslated>N</IsTranslated>
            </AD_Process_Trl>
            <AD_Process_Para type="table">
                <AD_Client_ID>0</AD_Client_ID>
                <AD_Org_ID>0</AD_Org_ID>
                <IsActive>Y</IsActive>
                <Name>Organization</Name>
                <Description>Organizational entity within client</Description>
                <Help>An organization is a unit of your client or legal entity - examples are store, department. You can share data between organizations.</Help>
                <AD_Process_ID reference="uuid" reference-key="AD_Process">1b072a7a-9d4d-4ffd-9984-4eb5a3c32a63</AD_Process_ID>
                <SeqNo>10</SeqNo>
                <AD_Reference_ID reference="id">19</AD_Reference_ID>
                <AD_Reference_Value_ID reference="id"/>
                <IsRange>N</IsRange>
                <AD_Val_Rule_ID reference="id">130</AD_Val_Rule_ID>
                <FieldLength>0</FieldLength>
                <IsMandatory>Y</IsMandatory>
                <DefaultValue>@#AD_Org_ID@</DefaultValue>
                <VFormat/>
                <ValueMin/>
                <ValueMax/>
                <ColumnName>AD_Org_ID</ColumnName>
                <DefaultValue2/>
                <IsCentrallyMaintained>Y</IsCentrallyMaintained>
                <EntityType>FTU</EntityType>
                <AD_Element_ID reference="id">113</AD_Element_ID>
                <ReadOnlyLogic/>
                <DisplayLogic/>
                <AD_Process_Para_UU>7f5816b6-dc93-460c-9cc4-ba5ece450160</AD_Process_Para_UU>
                <IsEncrypted>N</IsEncrypted>
                <MandatoryLogic/>
                <AD_Process_Para_Trl type="translation">
                    <Help>Una organización es una unidad del grupo empresarial o entidad legal - Ej. Tiendas y departamentos. Es posible compartir datos entre organizaciones.</Help>
                    <Name>Organización</Name>
                    <Description>Entidad organizacional dentro del grupo empresarial</Description>
                    <AD_Language>es_CO</AD_Language>
                    <IsActive>Y</IsActive>
                    <IsTranslated>Y</IsTranslated>
                </AD_Process_Para_Trl>
                <AD_Process_Para_Trl type="translation">
                    <Help>An organization is a unit of your client or legal entity - examples are store, department. You can share data between organizations.</Help>
                    <Name>Organización</Name>
                    <Description>Organizational entity within client</Description>
                    <AD_Language>es_VE</AD_Language>
                    <IsActive>Y</IsActive>
                    <IsTranslated>N</IsTranslated>
                </AD_Process_Para_Trl>
            </AD_Process_Para>
            <AD_Process_Para type="table">
                <AD_Client_ID>0</AD_Client_ID>
                <AD_Org_ID>0</AD_Org_ID>
                <IsActive>Y</IsActive>
                <Name>Invoice</Name>
                <Description>Invoice Identifier</Description>
                <Help>The Invoice Document.</Help>
                <AD_Process_ID reference="uuid" reference-key="AD_Process">1b072a7a-9d4d-4ffd-9984-4eb5a3c32a63</AD_Process_ID>
                <SeqNo>20</SeqNo>
                <AD_Reference_ID reference="id">30</AD_Reference_ID>
                <AD_Reference_Value_ID reference="id">336</AD_Reference_Value_ID>
                <IsRange>N</IsRange>
                <AD_Val_Rule_ID reference="id">220</AD_Val_Rule_ID>
                <FieldLength>0</FieldLength>
                <IsMandatory>Y</IsMandatory>
                <DefaultValue/>
                <VFormat/>
                <ValueMin/>
                <ValueMax/>
                <ColumnName>C_Invoice_ID</ColumnName>
                <DefaultValue2/>
                <IsCentrallyMaintained>Y</IsCentrallyMaintained>
                <EntityType>FTU</EntityType>
                <AD_Element_ID reference="id">1008</AD_Element_ID>
                <ReadOnlyLogic/>
                <DisplayLogic/>
                <AD_Process_Para_UU>e8ddfe48-af94-4c90-9921-39174db4c726</AD_Process_Para_UU>
                <IsEncrypted>N</IsEncrypted>
                <MandatoryLogic/>
                <AD_Process_Para_Trl type="translation">
                    <Help>La ID de Factura identifica únicamente un documento de Factura.</Help>
                    <Name>Factura</Name>
                    <Description>Identificador de la factura</Description>
                    <AD_Language>es_CO</AD_Language>
                    <IsActive>Y</IsActive>
                    <IsTranslated>Y</IsTranslated>
                </AD_Process_Para_Trl>
                <AD_Process_Para_Trl type="translation">
                    <Help>The Invoice Document.</Help>
                    <Name>Factura</Name>
                    <Description>Invoice Identifier</Description>
                    <AD_Language>es_VE</AD_Language>
                    <IsActive>Y</IsActive>
                    <IsTranslated>N</IsTranslated>
                </AD_Process_Para_Trl>
            </AD_Process_Para>
            <AD_Val_Rule type="table">
                <AD_Client_ID>0</AD_Client_ID>
                <AD_Org_ID>0</AD_Org_ID>
                <Name>C_DocType AR Credit Note</Name>
                <Description>C_DocType AR Credit Note</Description>
                <Type>S</Type>
                <Code>C_DocType.DocBaseType = 'ARC' AND C_DocType.IsSOTrx='Y'</Code>
                <IsActive>Y</IsActive>
                <EntityType>FTU</EntityType>
                <AD_Val_Rule_UU>cdda86e4-6f44-432d-ac1b-87a067ac61c9</AD_Val_Rule_UU>
            </AD_Val_Rule>
            <AD_Process_Para type="table">
                <AD_Client_ID>0</AD_Client_ID>
                <AD_Org_ID>0</AD_Org_ID>
                <IsActive>Y</IsActive>
                <Name>Document Type</Name>
                <Description>Document type or rules</Description>
                <Help>The Document Type determines document sequence and processing rules</Help>
                <AD_Process_ID reference="uuid" reference-key="AD_Process">1b072a7a-9d4d-4ffd-9984-4eb5a3c32a63</AD_Process_ID>
                <SeqNo>30</SeqNo>
                <AD_Reference_ID reference="id">19</AD_Reference_ID>
                <AD_Reference_Value_ID reference="id"/>
                <IsRange>N</IsRange>
                <AD_Val_Rule_ID reference="uuid" reference-key="AD_Val_Rule">cdda86e4-6f44-432d-ac1b-87a067ac61c9</AD_Val_Rule_ID>
                <FieldLength>0</FieldLength>
                <IsMandatory>Y</IsMandatory>
                <DefaultValue/>
                <VFormat/>
                <ValueMin/>
                <ValueMax/>
                <ColumnName>C_DocType_ID</ColumnName>
                <DefaultValue2/>
                <IsCentrallyMaintained>Y</IsCentrallyMaintained>
                <EntityType>FTU</EntityType>
                <AD_Element_ID reference="id">196</AD_Element_ID>
                <ReadOnlyLogic/>
                <DisplayLogic/>
                <AD_Process_Para_UU>e2f3211c-2ff6-45a9-bae0-d3dcb99cd47d</AD_Process_Para_UU>
                <IsEncrypted>N</IsEncrypted>
                <MandatoryLogic/>
                <AD_Process_Para_Trl type="translation">
                    <Help>El tipo de documento determina la secuencia del documento y las reglas de proceso</Help>
                    <Name>Tipo de Documento</Name>
                    <Description>Tipo de documento o reglas</Description>
                    <AD_Language>es_CO</AD_Language>
                    <IsActive>Y</IsActive>
                    <IsTranslated>Y</IsTranslated>
                </AD_Process_Para_Trl>
                <AD_Process_Para_Trl type="translation">
                    <Help>The Document Type determines document sequence and processing rules</Help>
                    <Name>Tipo de Documento</Name>
                    <Description>Document type or rules</Description>
                    <AD_Language>es_VE</AD_Language>
                    <IsActive>Y</IsActive>
                    <IsTranslated>N</IsTranslated>
                </AD_Process_Para_Trl>
            </AD_Process_Para>
            <AD_Element type="table">
                <AD_Client_ID>0</AD_Client_ID>
                <AD_Org_ID>0</AD_Org_ID>
                <IsActive>Y</IsActive>
                <ColumnName>IsService</ColumnName>
                <Name>Service</Name>
                <Description/>
                <Help/>
                <PrintName>Service</PrintName>
                <PO_Description/>
                <PO_Help/>
                <PO_Name/>
                <PO_PrintName/>
                <EntityType>FTU</EntityType>
                <AD_Element_UU>075aa5dd-0728-4412-800f-ca2248b243a7</AD_Element_UU>
                <AD_Element_Trl type="translation">
                    <Help/>
                    <PO_Description/>
                    <PO_Help/>
                    <Name>Servicio</Name>
                    <Description/>
                    <PrintName>Servicio</PrintName>
                    <PO_Name/>
                    <PO_PrintName/>
                    <AD_Language>es_CO</AD_Language>
                    <IsActive>Y</IsActive>
                    <IsTranslated>N</IsTranslated>
                </AD_Element_Trl>
                <AD_Element_Trl type="translation">
                    <Help/>
                    <PO_Description/>
                    <PO_Help/>
                    <Name>Servicio</Name>
                    <Description/>
                    <PrintName>Servicio</PrintName>
                    <PO_Name/>
                    <PO_PrintName/>
                    <AD_Language>es_VE</AD_Language>
                    <IsActive>Y</IsActive>
                    <IsTranslated>N</IsTranslated>
                </AD_Element_Trl>
            </AD_Element>
            <AD_Process_Para type="table">
                <AD_Client_ID>0</AD_Client_ID>
                <AD_Org_ID>0</AD_Org_ID>
                <IsActive>Y</IsActive>
                <Name>Service</Name>
                <Description/>
                <Help/>
                <AD_Process_ID reference="uuid" reference-key="AD_Process">1b072a7a-9d4d-4ffd-9984-4eb5a3c32a63</AD_Process_ID>
                <SeqNo>40</SeqNo>
                <AD_Reference_ID reference="id">20</AD_Reference_ID>
                <AD_Reference_Value_ID reference="id"/>
                <IsRange>N</IsRange>
                <AD_Val_Rule_ID reference="id"/>
                <FieldLength>0</FieldLength>
                <IsMandatory>Y</IsMandatory>
                <DefaultValue>Y</DefaultValue>
                <VFormat/>
                <ValueMin/>
                <ValueMax/>
                <ColumnName>IsService</ColumnName>
                <DefaultValue2/>
                <IsCentrallyMaintained>Y</IsCentrallyMaintained>
                <EntityType>FTU</EntityType>
                <AD_Element_ID reference="uuid" reference-key="AD_Element">075aa5dd-0728-4412-800f-ca2248b243a7</AD_Element_ID>
                <ReadOnlyLogic/>
                <DisplayLogic/>
                <AD_Process_Para_UU>f3febcc9-aba4-4647-bea9-0a0ea78fa272</AD_Process_Para_UU>
                <IsEncrypted>N</IsEncrypted>
                <MandatoryLogic/>
                <AD_Process_Para_Trl type="translation">
                    <Help/>
                    <Name>Servicio</Name>
                    <Description/>
                    <AD_Language>es_CO</AD_Language>
                    <IsActive>Y</IsActive>
                    <IsTranslated>N</IsTranslated>
                </AD_Process_Para_Trl>
                <AD_Process_Para_Trl type="translation">
                    <Help/>
                    <Name>Servicio</Name>
                    <Description/>
                    <AD_Language>es_VE</AD_Language>
                    <IsActive>Y</IsActive>
                    <IsTranslated>N</IsTranslated>
                </AD_Process_Para_Trl>
            </AD_Process_Para>
            <AD_Process_Para type="table">
                <AD_Client_ID>0</AD_Client_ID>
                <AD_Org_ID>0</AD_Org_ID>
                <IsActive>Y</IsActive>
                <Name>Target Document Type</Name>
                <Description>Target document type for conversing documents</Description>
                <Help>You can convert document types (e.g. from Offer to Order or Invoice).  The conversion is then reflected in the current type.  This processing is initiated by selecting the appropriate Document Action.</Help>
                <AD_Process_ID reference="uuid" reference-key="AD_Process">1b072a7a-9d4d-4ffd-9984-4eb5a3c32a63</AD_Process_ID>
                <SeqNo>50</SeqNo>
                <AD_Reference_ID reference="id">19</AD_Reference_ID>
                <AD_Reference_Value_ID reference="id"/>
                <IsRange>N</IsRange>
                <AD_Val_Rule_ID reference="id">52065</AD_Val_Rule_ID>
                <FieldLength>0</FieldLength>
                <IsMandatory>N</IsMandatory>
                <DefaultValue/>
                <VFormat/>
                <ValueMin/>
                <ValueMax/>
                <ColumnName>C_DocTypeTarget_ID</ColumnName>
                <DefaultValue2/>
                <IsCentrallyMaintained>N</IsCentrallyMaintained>
                <EntityType>FTU</EntityType>
                <AD_Element_ID reference="id">197</AD_Element_ID>
                <ReadOnlyLogic/>
                <DisplayLogic>@IsService@=N</DisplayLogic>
                <AD_Process_Para_UU>95e15dd7-2e67-4998-bd4c-f05846747bb3</AD_Process_Para_UU>
                <IsEncrypted>N</IsEncrypted>
                <MandatoryLogic>@IsService@=N</MandatoryLogic>
                <AD_Process_Para_Trl type="translation">
                    <Help/>
                    <Name>Tipo de Documento Autorización</Name>
                    <Description>Tipo de Documento Autorización</Description>
                    <AD_Language>es_CO</AD_Language>
                    <IsActive>Y</IsActive>
                    <IsTranslated>N</IsTranslated>
                </AD_Process_Para_Trl>
                <AD_Process_Para_Trl type="translation">
                    <Help/>
                    <Name>Tipo de Documento Autorización</Name>
                    <Description>Tipo de Documento Autorización</Description>
                    <AD_Language>es_VE</AD_Language>
                    <IsActive>Y</IsActive>
                    <IsTranslated>N</IsTranslated>
                </AD_Process_Para_Trl>
            </AD_Process_Para>
            <AD_Process_Para type="table">
                <AD_Client_ID>0</AD_Client_ID>
                <AD_Org_ID>0</AD_Org_ID>
                <IsActive>Y</IsActive>
                <Name>RMA Type</Name>
                <Description>Return Material Authorization Type</Description>
                <Help>Types of RMA</Help>
                <AD_Process_ID reference="uuid" reference-key="AD_Process">1b072a7a-9d4d-4ffd-9984-4eb5a3c32a63</AD_Process_ID>
                <SeqNo>60</SeqNo>
                <AD_Reference_ID reference="id">19</AD_Reference_ID>
                <AD_Reference_Value_ID reference="id"/>
                <IsRange>N</IsRange>
                <AD_Val_Rule_ID reference="id"/>
                <FieldLength>0</FieldLength>
                <IsMandatory>N</IsMandatory>
                <DefaultValue/>
                <VFormat/>
                <ValueMin/>
                <ValueMax/>
                <ColumnName>M_RMAType_ID</ColumnName>
                <DefaultValue2/>
                <IsCentrallyMaintained>Y</IsCentrallyMaintained>
                <EntityType>FTU</EntityType>
                <AD_Element_ID reference="id">2530</AD_Element_ID>
                <ReadOnlyLogic/>
                <DisplayLogic>@IsService@=N</DisplayLogic>
                <AD_Process_Para_UU>be06e50d-89e8-47b8-b885-755cd4042cdd</AD_Process_Para_UU>
                <IsEncrypted>N</IsEncrypted>
                <MandatoryLogic>@IsService@=N</MandatoryLogic>
                <AD_Process_Para_Trl type="translation">
                    <Help>Tipos de Autorización de Devolución</Help>
                    <Name>Tipo Autorización Devolución</Name>
                    <Description>Tipo de Autorización de Devolución</Description>
                    <AD_Language>es_CO</AD_Language>
                    <IsActive>Y</IsActive>
                    <IsTranslated>Y</IsTranslated>
                </AD_Process_Para_Trl>
                <AD_Process_Para_Trl type="translation">
                    <Help>Types of RMA</Help>
                    <Name>Tipo Autorización Devolución</Name>
                    <Description>Return Material Authorization Type</Description>
                    <AD_Language>es_VE</AD_Language>
                    <IsActive>Y</IsActive>
                    <IsTranslated>N</IsTranslated>
                </AD_Process_Para_Trl>
            </AD_Process_Para>
            <AD_Process_Para type="table">
                <AD_Client_ID>0</AD_Client_ID>
                <AD_Org_ID>0</AD_Org_ID>
                <IsActive>Y</IsActive>
                <Name>Document Type for Shipment</Name>
                <Description>Document type used for shipments generated from this sales document</Description>
                <Help>he Document Type for Shipments indicates the document type that will be used when a shipment is generated from this sales document.  This field will display only when the base document type is Sales Order.</Help>
                <AD_Process_ID reference="uuid" reference-key="AD_Process">1b072a7a-9d4d-4ffd-9984-4eb5a3c32a63</AD_Process_ID>
                <SeqNo>70</SeqNo>
                <AD_Reference_ID reference="id">18</AD_Reference_ID>
                <AD_Reference_Value_ID reference="id">170</AD_Reference_Value_ID>
                <IsRange>N</IsRange>
                <AD_Val_Rule_ID reference="id">52063</AD_Val_Rule_ID>
                <FieldLength>0</FieldLength>
                <IsMandatory>N</IsMandatory>
                <DefaultValue/>
                <VFormat/>
                <ValueMin/>
                <ValueMax/>
                <ColumnName>C_DocTypeShipment_ID</ColumnName>
                <DefaultValue2/>
                <IsCentrallyMaintained>Y</IsCentrallyMaintained>
                <EntityType>FTU</EntityType>
                <AD_Element_ID reference="id">1074</AD_Element_ID>
                <ReadOnlyLogic/>
                <DisplayLogic>@IsService@=N</DisplayLogic>
                <AD_Process_Para_UU>482fd8d9-62fd-4c4e-97d3-786c2262b783</AD_Process_Para_UU>
                <IsEncrypted>N</IsEncrypted>
                <MandatoryLogic>@IsService@=N</MandatoryLogic>
                <AD_Process_Para_Trl type="translation">
                    <Help>El Tipo de documento para la entrega indica el tipo de documento que será usado cuando una entrega se genera desde este documento de venta. Este campo se desplegará solamente cuando el tipo de documento base sea orden de venta</Help>
                    <Name>Tipo de Documento para la Entrega</Name>
                    <Description>Tipo del documento usado para la entrega generados desde este documento de ventas</Description>
                    <AD_Language>es_CO</AD_Language>
                    <IsActive>Y</IsActive>
                    <IsTranslated>Y</IsTranslated>
                </AD_Process_Para_Trl>
                <AD_Process_Para_Trl type="translation">
                    <Help>he Document Type for Shipments indicates the document type that will be used when a shipment is generated from this sales document.  This field will display only when the base document type is Sales Order.</Help>
                    <Name>Tipo de Documento para la Entrega</Name>
                    <Description>Document type used for shipments generated from this sales document</Description>
                    <AD_Language>es_VE</AD_Language>
                    <IsActive>Y</IsActive>
                    <IsTranslated>N</IsTranslated>
                </AD_Process_Para_Trl>
            </AD_Process_Para>
        </AD_Process>
    </AD_Menu>
    <SQLStatement type="custom">
        <DBType>Postgres</DBType>
        <statement><![CDATA[UPDATE AD_Column SET DefaultValue='@SQL=SELECT MAX(o.GrandTotal)-COALESCE(SUM(a.PayAmt),0)
            FROM C_Order o 
            LEFT OUTER JOIN C_POSPayment a ON (o.C_Order_ID=a.C_Order_ID)
            WHERE o.C_Order_ID=@C_Order_ID@',Updated=TO_TIMESTAMP('2017-10-01 22:23:40','YYYY-MM-DD HH24:MI:SS'),UpdatedBy=100 WHERE AD_Column_ID=200451;]]>
        </statement>
    </SQLStatement>
    <SQLStatement type="custom">
        <DBType>Postgres</DBType>
        <statement><![CDATA[UPDATE AD_Process SET Classname='org.frontuari.process.Aging',Updated=TO_TIMESTAMP('2017-10-03 08:45:32','YYYY-MM-DD HH24:MI:SS'),UpdatedBy=100 WHERE AD_Process_ID=238;]]>
        </statement>
    </SQLStatement>
    <AD_Column type="table">
        <IsSyncDatabase>Y</IsSyncDatabase>
        <AD_Table_ID reference="id">631</AD_Table_ID>
        <AD_Reference_Value_ID reference="id"/>
        <AD_Client_ID>0</AD_Client_ID>
        <AD_Org_ID>0</AD_Org_ID>
        <Version>0</Version>
        <Name>BP Search Key</Name>
        <Description>Business Partner Key Value</Description>
        <Help>Search Key of Business Partner</Help>
        <AD_Val_Rule_ID reference="id"/>
        <ColumnName>BPValue</ColumnName>
        <DefaultValue/>
        <FieldLength>40</FieldLength>
        <IsKey>N</IsKey>
        <IsParent>N</IsParent>
        <IsMandatory>N</IsMandatory>
        <IsTranslated>N</IsTranslated>
        <IsIdentifier>N</IsIdentifier>
        <SeqNo>0</SeqNo>
        <IsEncrypted>N</IsEncrypted>
        <AD_Reference_ID reference="id">10</AD_Reference_ID>
        <IsActive>Y</IsActive>
        <VFormat/>
        <Callout/>
        <AD_Element_ID reference="id">1876</AD_Element_ID>
        <IsUpdateable>Y</IsUpdateable>
        <AD_Process_ID reference="id"/>
        <ValueMin/>
        <ValueMax/>
        <IsSelectionColumn>N</IsSelectionColumn>
        <ReadOnlyLogic/>
        <EntityType>FTU</EntityType>
        <IsAlwaysUpdateable>N</IsAlwaysUpdateable>
        <ColumnSQL/>
        <MandatoryLogic/>
        <IsAutocomplete>N</IsAutocomplete>
        <IsAllowLogging>Y</IsAllowLogging>
        <FormatPattern/>
        <AD_Chart_ID reference="id"/>
        <AD_Column_UU>9b559b06-c2c4-4050-b3df-2a3e3063798c</AD_Column_UU>
        <IsAllowCopy>N</IsAllowCopy>
        <SeqNoSelection>0</SeqNoSelection>
        <IsToolbarButton>N</IsToolbarButton>
        <IsSecure>N</IsSecure>
        <FKConstraintName/>
        <FKConstraintType>N</FKConstraintType>
        <PA_DashboardContent_ID reference="id"/>
    </AD_Column>
    <AD_Column type="table">
        <IsSyncDatabase>Y</IsSyncDatabase>
        <AD_Table_ID reference="id">631</AD_Table_ID>
        <AD_Reference_Value_ID reference="id"/>
        <AD_Client_ID>0</AD_Client_ID>
        <AD_Org_ID>0</AD_Org_ID>
        <Version>0</Version>
        <Name>Partner Tax ID</Name>
        <Description>Tax ID of the Business Partner</Description>
        <Help/>
        <AD_Val_Rule_ID reference="id"/>
        <ColumnName>BPTaxID</ColumnName>
        <DefaultValue/>
        <FieldLength>20</FieldLength>
        <IsKey>N</IsKey>
        <IsParent>N</IsParent>
        <IsMandatory>N</IsMandatory>
        <IsTranslated>N</IsTranslated>
        <IsIdentifier>N</IsIdentifier>
        <SeqNo>0</SeqNo>
        <IsEncrypted>N</IsEncrypted>
        <AD_Reference_ID reference="id">10</AD_Reference_ID>
        <IsActive>Y</IsActive>
        <VFormat/>
        <Callout/>
        <AD_Element_ID reference="id">2266</AD_Element_ID>
        <IsUpdateable>Y</IsUpdateable>
        <AD_Process_ID reference="id"/>
        <ValueMin/>
        <ValueMax/>
        <IsSelectionColumn>N</IsSelectionColumn>
        <ReadOnlyLogic/>
        <EntityType>FTU</EntityType>
        <IsAlwaysUpdateable>N</IsAlwaysUpdateable>
        <ColumnSQL/>
        <MandatoryLogic/>
        <IsAutocomplete>N</IsAutocomplete>
        <IsAllowLogging>Y</IsAllowLogging>
        <FormatPattern/>
        <AD_Chart_ID reference="id"/>
        <AD_Column_UU>05d4aca6-bf6c-4571-826a-a6b6f8729cf8</AD_Column_UU>
        <IsAllowCopy>Y</IsAllowCopy>
        <SeqNoSelection>0</SeqNoSelection>
        <IsToolbarButton>N</IsToolbarButton>
        <IsSecure>N</IsSecure>
        <FKConstraintName/>
        <FKConstraintType>N</FKConstraintType>
        <PA_DashboardContent_ID reference="id"/>
    </AD_Column>
    <AD_Element type="table">
        <AD_Client_ID>0</AD_Client_ID>
        <AD_Org_ID>0</AD_Org_ID>
        <IsActive>Y</IsActive>
        <ColumnName>Due5</ColumnName>
        <Name>Due Today 5</Name>
        <Description/>
        <Help/>
        <PrintName>Due Today 5</PrintName>
        <PO_Description/>
        <PO_Help/>
        <PO_Name/>
        <PO_PrintName/>
        <EntityType>FTU</EntityType>
        <AD_Element_UU>e3cd71a0-c114-42de-86dd-0a20c03ebfff</AD_Element_UU>
        <AD_Element_Trl type="translation">
            <Help/>
            <PO_Description/>
            <PO_Help/>
            <Name>Vencimiento al día de hoy-5</Name>
            <Description/>
            <PrintName>Vencimiento al día de hoy-5</PrintName>
            <PO_Name/>
            <PO_PrintName/>
            <AD_Language>es_CO</AD_Language>
            <IsActive>Y</IsActive>
            <IsTranslated>N</IsTranslated>
        </AD_Element_Trl>
        <AD_Element_Trl type="translation">
            <Help/>
            <PO_Description/>
            <PO_Help/>
            <Name>Vencimiento al día de hoy-5</Name>
            <Description/>
            <PrintName>Vencimiento al día de hoy-5</PrintName>
            <PO_Name/>
            <PO_PrintName/>
            <AD_Language>es_VE</AD_Language>
            <IsActive>Y</IsActive>
            <IsTranslated>N</IsTranslated>
        </AD_Element_Trl>
    </AD_Element>
    <AD_Column type="table">
        <IsSyncDatabase>Y</IsSyncDatabase>
        <AD_Table_ID reference="id">631</AD_Table_ID>
        <AD_Reference_Value_ID reference="id"/>
        <AD_Client_ID>0</AD_Client_ID>
        <AD_Org_ID>0</AD_Org_ID>
        <Version>0</Version>
        <Name>Due Today 5</Name>
        <Description/>
        <Help/>
        <AD_Val_Rule_ID reference="id"/>
        <ColumnName>Due5</ColumnName>
        <DefaultValue>0</DefaultValue>
        <FieldLength>22</FieldLength>
        <IsKey>N</IsKey>
        <IsParent>N</IsParent>
        <IsMandatory>N</IsMandatory>
        <IsTranslated>N</IsTranslated>
        <IsIdentifier>N</IsIdentifier>
        <SeqNo>0</SeqNo>
        <IsEncrypted>N</IsEncrypted>
        <AD_Reference_ID reference="id">12</AD_Reference_ID>
        <IsActive>Y</IsActive>
        <VFormat/>
        <Callout/>
        <AD_Element_ID reference="uuid" reference-key="AD_Element">e3cd71a0-c114-42de-86dd-0a20c03ebfff</AD_Element_ID>
        <IsUpdateable>Y</IsUpdateable>
        <AD_Process_ID reference="id"/>
        <ValueMin/>
        <ValueMax/>
        <IsSelectionColumn>N</IsSelectionColumn>
        <ReadOnlyLogic/>
        <EntityType>FTU</EntityType>
        <IsAlwaysUpdateable>N</IsAlwaysUpdateable>
        <ColumnSQL/>
        <MandatoryLogic/>
        <IsAutocomplete>N</IsAutocomplete>
        <IsAllowLogging>Y</IsAllowLogging>
        <FormatPattern/>
        <AD_Chart_ID reference="id"/>
        <AD_Column_UU>b7b16e03-344d-47d4-8259-eef53a8e3df3</AD_Column_UU>
        <IsAllowCopy>Y</IsAllowCopy>
        <SeqNoSelection>0</SeqNoSelection>
        <IsToolbarButton>N</IsToolbarButton>
        <IsSecure>N</IsSecure>
        <FKConstraintName/>
        <FKConstraintType>N</FKConstraintType>
        <PA_DashboardContent_ID reference="id"/>
    </AD_Column>
    <AD_Element type="table">
        <AD_Client_ID>0</AD_Client_ID>
        <AD_Org_ID>0</AD_Org_ID>
        <IsActive>Y</IsActive>
        <ColumnName>Due10</ColumnName>
        <Name>Due Today-10</Name>
        <Description/>
        <Help/>
        <PrintName>Due Today-10</PrintName>
        <PO_Description/>
        <PO_Help/>
        <PO_Name/>
        <PO_PrintName/>
        <EntityType>FTU</EntityType>
        <AD_Element_UU>053384de-e92d-4abc-8c01-87631cb32aa5</AD_Element_UU>
        <AD_Element_Trl type="translation">
            <Help/>
            <PO_Description/>
            <PO_Help/>
            <Name>Vencimiento al día de hoy-10</Name>
            <Description/>
            <PrintName>Vencimiento al día de hoy-10</PrintName>
            <PO_Name/>
            <PO_PrintName/>
            <AD_Language>es_CO</AD_Language>
            <IsActive>Y</IsActive>
            <IsTranslated>N</IsTranslated>
        </AD_Element_Trl>
        <AD_Element_Trl type="translation">
            <Help/>
            <PO_Description/>
            <PO_Help/>
            <Name>Vencimiento al día de hoy-10</Name>
            <Description/>
            <PrintName>Vencimiento al día de hoy-10</PrintName>
            <PO_Name/>
            <PO_PrintName/>
            <AD_Language>es_VE</AD_Language>
            <IsActive>Y</IsActive>
            <IsTranslated>N</IsTranslated>
        </AD_Element_Trl>
    </AD_Element>
    <AD_Column type="table">
        <IsSyncDatabase>Y</IsSyncDatabase>
        <AD_Table_ID reference="id">631</AD_Table_ID>
        <AD_Reference_Value_ID reference="id"/>
        <AD_Client_ID>0</AD_Client_ID>
        <AD_Org_ID>0</AD_Org_ID>
        <Version>0</Version>
        <Name>Due Today-10</Name>
        <Description/>
        <Help/>
        <AD_Val_Rule_ID reference="id"/>
        <ColumnName>Due10</ColumnName>
        <DefaultValue>0</DefaultValue>
        <FieldLength>22</FieldLength>
        <IsKey>N</IsKey>
        <IsParent>N</IsParent>
        <IsMandatory>N</IsMandatory>
        <IsTranslated>N</IsTranslated>
        <IsIdentifier>N</IsIdentifier>
        <SeqNo>0</SeqNo>
        <IsEncrypted>N</IsEncrypted>
        <AD_Reference_ID reference="id">12</AD_Reference_ID>
        <IsActive>Y</IsActive>
        <VFormat/>
        <Callout/>
        <AD_Element_ID reference="uuid" reference-key="AD_Element">053384de-e92d-4abc-8c01-87631cb32aa5</AD_Element_ID>
        <IsUpdateable>Y</IsUpdateable>
        <AD_Process_ID reference="id"/>
        <ValueMin/>
        <ValueMax/>
        <IsSelectionColumn>N</IsSelectionColumn>
        <ReadOnlyLogic/>
        <EntityType>FTU</EntityType>
        <IsAlwaysUpdateable>N</IsAlwaysUpdateable>
        <ColumnSQL/>
        <MandatoryLogic/>
        <IsAutocomplete>N</IsAutocomplete>
        <IsAllowLogging>Y</IsAllowLogging>
        <FormatPattern/>
        <AD_Chart_ID reference="id"/>
        <AD_Column_UU>d385f4e9-0399-408f-9059-cd25c340b2a4</AD_Column_UU>
        <IsAllowCopy>Y</IsAllowCopy>
        <SeqNoSelection>0</SeqNoSelection>
        <IsToolbarButton>N</IsToolbarButton>
        <IsSecure>N</IsSecure>
        <FKConstraintName/>
        <FKConstraintType>N</FKConstraintType>
        <PA_DashboardContent_ID reference="id"/>
    </AD_Column>
    <AD_Element type="table">
        <AD_Client_ID>0</AD_Client_ID>
        <AD_Org_ID>0</AD_Org_ID>
        <IsActive>Y</IsActive>
        <ColumnName>Due15</ColumnName>
        <Name>Due Today-15</Name>
        <Description/>
        <Help/>
        <PrintName>Due Today-15</PrintName>
        <PO_Description/>
        <PO_Help/>
        <PO_Name/>
        <PO_PrintName/>
        <EntityType>FTU</EntityType>
        <AD_Element_UU>e7764f02-3a9f-47a1-b646-f8a9c8b55a23</AD_Element_UU>
        <AD_Element_Trl type="translation">
            <Help/>
            <PO_Description/>
            <PO_Help/>
            <Name>Vencimiento al día de hoy-15</Name>
            <Description/>
            <PrintName>Vencimiento al día de hoy-15</PrintName>
            <PO_Name/>
            <PO_PrintName/>
            <AD_Language>es_CO</AD_Language>
            <IsActive>Y</IsActive>
            <IsTranslated>N</IsTranslated>
        </AD_Element_Trl>
        <AD_Element_Trl type="translation">
            <Help/>
            <PO_Description/>
            <PO_Help/>
            <Name>Vencimiento al día de hoy-15</Name>
            <Description/>
            <PrintName>Vencimiento al día de hoy-15</PrintName>
            <PO_Name/>
            <PO_PrintName/>
            <AD_Language>es_VE</AD_Language>
            <IsActive>Y</IsActive>
            <IsTranslated>N</IsTranslated>
        </AD_Element_Trl>
    </AD_Element>
    <AD_Column type="table">
        <IsSyncDatabase>Y</IsSyncDatabase>
        <AD_Table_ID reference="id">631</AD_Table_ID>
        <AD_Reference_Value_ID reference="id"/>
        <AD_Client_ID>0</AD_Client_ID>
        <AD_Org_ID>0</AD_Org_ID>
        <Version>0</Version>
        <Name>Due Today-15</Name>
        <Description/>
        <Help/>
        <AD_Val_Rule_ID reference="id"/>
        <ColumnName>Due15</ColumnName>
        <DefaultValue>0</DefaultValue>
        <FieldLength>22</FieldLength>
        <IsKey>N</IsKey>
        <IsParent>N</IsParent>
        <IsMandatory>N</IsMandatory>
        <IsTranslated>N</IsTranslated>
        <IsIdentifier>N</IsIdentifier>
        <SeqNo>0</SeqNo>
        <IsEncrypted>N</IsEncrypted>
        <AD_Reference_ID reference="id">12</AD_Reference_ID>
        <IsActive>Y</IsActive>
        <VFormat/>
        <Callout/>
        <AD_Element_ID reference="uuid" reference-key="AD_Element">e7764f02-3a9f-47a1-b646-f8a9c8b55a23</AD_Element_ID>
        <IsUpdateable>Y</IsUpdateable>
        <AD_Process_ID reference="id"/>
        <ValueMin/>
        <ValueMax/>
        <IsSelectionColumn>N</IsSelectionColumn>
        <ReadOnlyLogic/>
        <EntityType>FTU</EntityType>
        <IsAlwaysUpdateable>N</IsAlwaysUpdateable>
        <ColumnSQL/>
        <MandatoryLogic/>
        <IsAutocomplete>N</IsAutocomplete>
        <IsAllowLogging>Y</IsAllowLogging>
        <FormatPattern/>
        <AD_Chart_ID reference="id"/>
        <AD_Column_UU>3974ef91-3ec1-4919-9ebc-8ffb52870ffb</AD_Column_UU>
        <IsAllowCopy>Y</IsAllowCopy>
        <SeqNoSelection>0</SeqNoSelection>
        <IsToolbarButton>N</IsToolbarButton>
        <IsSecure>N</IsSecure>
        <FKConstraintName/>
        <FKConstraintType>N</FKConstraintType>
        <PA_DashboardContent_ID reference="id"/>
    </AD_Column>
    <AD_Element type="table">
        <AD_Client_ID>0</AD_Client_ID>
        <AD_Org_ID>0</AD_Org_ID>
        <IsActive>Y</IsActive>
        <ColumnName>Due16_Plus</ColumnName>
        <Name>Due &gt;= 16</Name>
        <Description/>
        <Help/>
        <PrintName>Due &gt;= 16</PrintName>
        <PO_Description/>
        <PO_Help/>
        <PO_Name/>
        <PO_PrintName/>
        <EntityType>FTU</EntityType>
        <AD_Element_UU>7ea62b99-82db-4794-b379-b822a3fee561</AD_Element_UU>
        <AD_Element_Trl type="translation">
            <Help/>
            <PO_Description/>
            <PO_Help/>
            <Name>Vencido &gt;= 16</Name>
            <Description/>
            <PrintName>Vencido &gt;= 16</PrintName>
            <PO_Name/>
            <PO_PrintName/>
            <AD_Language>es_CO</AD_Language>
            <IsActive>Y</IsActive>
            <IsTranslated>N</IsTranslated>
        </AD_Element_Trl>
        <AD_Element_Trl type="translation">
            <Help/>
            <PO_Description/>
            <PO_Help/>
            <Name>Vencido &gt;= 16</Name>
            <Description/>
            <PrintName>Vencido &gt;= 16</PrintName>
            <PO_Name/>
            <PO_PrintName/>
            <AD_Language>es_VE</AD_Language>
            <IsActive>Y</IsActive>
            <IsTranslated>N</IsTranslated>
        </AD_Element_Trl>
    </AD_Element>
    <AD_Column type="table">
        <IsSyncDatabase>Y</IsSyncDatabase>
        <AD_Table_ID reference="id">631</AD_Table_ID>
        <AD_Reference_Value_ID reference="id"/>
        <AD_Client_ID>0</AD_Client_ID>
        <AD_Org_ID>0</AD_Org_ID>
        <Version>0</Version>
        <Name>Due &gt;= 16</Name>
        <Description/>
        <Help/>
        <AD_Val_Rule_ID reference="id"/>
        <ColumnName>Due16_Plus</ColumnName>
        <DefaultValue>0</DefaultValue>
        <FieldLength>22</FieldLength>
        <IsKey>N</IsKey>
        <IsParent>N</IsParent>
        <IsMandatory>N</IsMandatory>
        <IsTranslated>N</IsTranslated>
        <IsIdentifier>N</IsIdentifier>
        <SeqNo>0</SeqNo>
        <IsEncrypted>N</IsEncrypted>
        <AD_Reference_ID reference="id">12</AD_Reference_ID>
        <IsActive>Y</IsActive>
        <VFormat/>
        <Callout/>
        <AD_Element_ID reference="uuid" reference-key="AD_Element">7ea62b99-82db-4794-b379-b822a3fee561</AD_Element_ID>
        <IsUpdateable>Y</IsUpdateable>
        <AD_Process_ID reference="id"/>
        <ValueMin/>
        <ValueMax/>
        <IsSelectionColumn>N</IsSelectionColumn>
        <ReadOnlyLogic/>
        <EntityType>FTU</EntityType>
        <IsAlwaysUpdateable>N</IsAlwaysUpdateable>
        <ColumnSQL/>
        <MandatoryLogic/>
        <IsAutocomplete>N</IsAutocomplete>
        <IsAllowLogging>Y</IsAllowLogging>
        <FormatPattern/>
        <AD_Chart_ID reference="id"/>
        <AD_Column_UU>246618f2-4fde-4a26-81a3-9abacc08253d</AD_Column_UU>
        <IsAllowCopy>Y</IsAllowCopy>
        <SeqNoSelection>0</SeqNoSelection>
        <IsToolbarButton>N</IsToolbarButton>
        <IsSecure>N</IsSecure>
        <FKConstraintName/>
        <FKConstraintType>N</FKConstraintType>
        <PA_DashboardContent_ID reference="id"/>
    </AD_Column>
    <AD_Element type="table">
        <AD_Client_ID>0</AD_Client_ID>
        <AD_Org_ID>0</AD_Org_ID>
        <IsActive>Y</IsActive>
        <ColumnName>PastDue5</ColumnName>
        <Name>Past Due 5</Name>
        <Description/>
        <Help/>
        <PrintName>Past Due 5</PrintName>
        <PO_Description/>
        <PO_Help/>
        <PO_Name/>
        <PO_PrintName/>
        <EntityType>FTU</EntityType>
        <AD_Element_UU>c1e89b73-d97b-40d4-b421-fcac2c39028e</AD_Element_UU>
        <AD_Element_Trl type="translation">
            <Help/>
            <PO_Description/>
            <PO_Help/>
            <Name>Despues de Vencimiento 5</Name>
            <Description/>
            <PrintName>Despues de Vencimiento 5</PrintName>
            <PO_Name/>
            <PO_PrintName/>
            <AD_Language>es_CO</AD_Language>
            <IsActive>Y</IsActive>
            <IsTranslated>N</IsTranslated>
        </AD_Element_Trl>
        <AD_Element_Trl type="translation">
            <Help/>
            <PO_Description/>
            <PO_Help/>
            <Name>Despues de Vencimiento 5</Name>
            <Description/>
            <PrintName>Despues de Vencimiento 5</PrintName>
            <PO_Name/>
            <PO_PrintName/>
            <AD_Language>es_VE</AD_Language>
            <IsActive>Y</IsActive>
            <IsTranslated>N</IsTranslated>
        </AD_Element_Trl>
    </AD_Element>
    <AD_Column type="table">
        <IsSyncDatabase>Y</IsSyncDatabase>
        <AD_Table_ID reference="id">631</AD_Table_ID>
        <AD_Reference_Value_ID reference="id"/>
        <AD_Client_ID>0</AD_Client_ID>
        <AD_Org_ID>0</AD_Org_ID>
        <Version>0</Version>
        <Name>Past Due 5</Name>
        <Description/>
        <Help/>
        <AD_Val_Rule_ID reference="id"/>
        <ColumnName>PastDue5</ColumnName>
        <DefaultValue>0</DefaultValue>
        <FieldLength>22</FieldLength>
        <IsKey>N</IsKey>
        <IsParent>N</IsParent>
        <IsMandatory>N</IsMandatory>
        <IsTranslated>N</IsTranslated>
        <IsIdentifier>N</IsIdentifier>
        <SeqNo>0</SeqNo>
        <IsEncrypted>N</IsEncrypted>
        <AD_Reference_ID reference="id">12</AD_Reference_ID>
        <IsActive>Y</IsActive>
        <VFormat/>
        <Callout/>
        <AD_Element_ID reference="uuid" reference-key="AD_Element">c1e89b73-d97b-40d4-b421-fcac2c39028e</AD_Element_ID>
        <IsUpdateable>Y</IsUpdateable>
        <AD_Process_ID reference="id"/>
        <ValueMin/>
        <ValueMax/>
        <IsSelectionColumn>N</IsSelectionColumn>
        <ReadOnlyLogic/>
        <EntityType>FTU</EntityType>
        <IsAlwaysUpdateable>N</IsAlwaysUpdateable>
        <ColumnSQL/>
        <MandatoryLogic/>
        <IsAutocomplete>N</IsAutocomplete>
        <IsAllowLogging>Y</IsAllowLogging>
        <FormatPattern/>
        <AD_Chart_ID reference="id"/>
        <AD_Column_UU>0da153d7-3f01-4426-b141-a16ef8083d01</AD_Column_UU>
        <IsAllowCopy>Y</IsAllowCopy>
        <SeqNoSelection>0</SeqNoSelection>
        <IsToolbarButton>N</IsToolbarButton>
        <IsSecure>N</IsSecure>
        <FKConstraintName/>
        <FKConstraintType>N</FKConstraintType>
        <PA_DashboardContent_ID reference="id"/>
    </AD_Column>
    <AD_Element type="table">
        <AD_Client_ID>0</AD_Client_ID>
        <AD_Org_ID>0</AD_Org_ID>
        <IsActive>Y</IsActive>
        <ColumnName>PastDue10</ColumnName>
        <Name>Past Due 10</Name>
        <Description/>
        <Help/>
        <PrintName>Past Due 10</PrintName>
        <PO_Description/>
        <PO_Help/>
        <PO_Name/>
        <PO_PrintName/>
        <EntityType>FTU</EntityType>
        <AD_Element_UU>9bd3739b-4a0d-42e0-88d0-aa892f2455ec</AD_Element_UU>
        <AD_Element_Trl type="translation">
            <Help/>
            <PO_Description/>
            <PO_Help/>
            <Name>Despues de Vencimiento 10</Name>
            <Description/>
            <PrintName>Despues de Vencimiento 10</PrintName>
            <PO_Name/>
            <PO_PrintName/>
            <AD_Language>es_CO</AD_Language>
            <IsActive>Y</IsActive>
            <IsTranslated>N</IsTranslated>
        </AD_Element_Trl>
        <AD_Element_Trl type="translation">
            <Help/>
            <PO_Description/>
            <PO_Help/>
            <Name>Despues de Vencimiento 10</Name>
            <Description/>
            <PrintName>Despues de Vencimiento 10</PrintName>
            <PO_Name/>
            <PO_PrintName/>
            <AD_Language>es_VE</AD_Language>
            <IsActive>Y</IsActive>
            <IsTranslated>N</IsTranslated>
        </AD_Element_Trl>
    </AD_Element>
    <AD_Column type="table">
        <IsSyncDatabase>Y</IsSyncDatabase>
        <AD_Table_ID reference="id">631</AD_Table_ID>
        <AD_Reference_Value_ID reference="id"/>
        <AD_Client_ID>0</AD_Client_ID>
        <AD_Org_ID>0</AD_Org_ID>
        <Version>0</Version>
        <Name>Past Due 10</Name>
        <Description/>
        <Help/>
        <AD_Val_Rule_ID reference="id"/>
        <ColumnName>PastDue10</ColumnName>
        <DefaultValue>0</DefaultValue>
        <FieldLength>22</FieldLength>
        <IsKey>N</IsKey>
        <IsParent>N</IsParent>
        <IsMandatory>N</IsMandatory>
        <IsTranslated>N</IsTranslated>
        <IsIdentifier>N</IsIdentifier>
        <SeqNo>0</SeqNo>
        <IsEncrypted>N</IsEncrypted>
        <AD_Reference_ID reference="id">12</AD_Reference_ID>
        <IsActive>Y</IsActive>
        <VFormat/>
        <Callout/>
        <AD_Element_ID reference="uuid" reference-key="AD_Element">9bd3739b-4a0d-42e0-88d0-aa892f2455ec</AD_Element_ID>
        <IsUpdateable>Y</IsUpdateable>
        <AD_Process_ID reference="id"/>
        <ValueMin/>
        <ValueMax/>
        <IsSelectionColumn>N</IsSelectionColumn>
        <ReadOnlyLogic/>
        <EntityType>FTU</EntityType>
        <IsAlwaysUpdateable>N</IsAlwaysUpdateable>
        <ColumnSQL/>
        <MandatoryLogic/>
        <IsAutocomplete>N</IsAutocomplete>
        <IsAllowLogging>Y</IsAllowLogging>
        <FormatPattern/>
        <AD_Chart_ID reference="id"/>
        <AD_Column_UU>0c84e973-19d3-4951-8159-d6a5949dfc4a</AD_Column_UU>
        <IsAllowCopy>Y</IsAllowCopy>
        <SeqNoSelection>0</SeqNoSelection>
        <IsToolbarButton>N</IsToolbarButton>
        <IsSecure>N</IsSecure>
        <FKConstraintName/>
        <FKConstraintType>N</FKConstraintType>
        <PA_DashboardContent_ID reference="id"/>
    </AD_Column>
    <AD_Element type="table">
        <AD_Client_ID>0</AD_Client_ID>
        <AD_Org_ID>0</AD_Org_ID>
        <IsActive>Y</IsActive>
        <ColumnName>PastDue15</ColumnName>
        <Name>Past Due 15</Name>
        <Description/>
        <Help/>
        <PrintName>Past Due 15</PrintName>
        <PO_Description/>
        <PO_Help/>
        <PO_Name/>
        <PO_PrintName/>
        <EntityType>FTU</EntityType>
        <AD_Element_UU>e09f0ea9-8c29-43cd-97c5-6d5514a406f3</AD_Element_UU>
        <AD_Element_Trl type="translation">
            <Help/>
            <PO_Description/>
            <PO_Help/>
            <Name>Despues de Vencimiento 15</Name>
            <Description/>
            <PrintName>Despues de Vencimiento 15</PrintName>
            <PO_Name/>
            <PO_PrintName/>
            <AD_Language>es_CO</AD_Language>
            <IsActive>Y</IsActive>
            <IsTranslated>N</IsTranslated>
        </AD_Element_Trl>
        <AD_Element_Trl type="translation">
            <Help/>
            <PO_Description/>
            <PO_Help/>
            <Name>Despues de Vencimiento 15</Name>
            <Description/>
            <PrintName>Despues de Vencimiento 15</PrintName>
            <PO_Name/>
            <PO_PrintName/>
            <AD_Language>es_VE</AD_Language>
            <IsActive>Y</IsActive>
            <IsTranslated>N</IsTranslated>
        </AD_Element_Trl>
    </AD_Element>
    <AD_Column type="table">
        <IsSyncDatabase>Y</IsSyncDatabase>
        <AD_Table_ID reference="id">631</AD_Table_ID>
        <AD_Reference_Value_ID reference="id"/>
        <AD_Client_ID>0</AD_Client_ID>
        <AD_Org_ID>0</AD_Org_ID>
        <Version>0</Version>
        <Name>Past Due 15</Name>
        <Description/>
        <Help/>
        <AD_Val_Rule_ID reference="id"/>
        <ColumnName>PastDue15</ColumnName>
        <DefaultValue>0</DefaultValue>
        <FieldLength>22</FieldLength>
        <IsKey>N</IsKey>
        <IsParent>N</IsParent>
        <IsMandatory>N</IsMandatory>
        <IsTranslated>N</IsTranslated>
        <IsIdentifier>N</IsIdentifier>
        <SeqNo>0</SeqNo>
        <IsEncrypted>N</IsEncrypted>
        <AD_Reference_ID reference="id">12</AD_Reference_ID>
        <IsActive>Y</IsActive>
        <VFormat/>
        <Callout/>
        <AD_Element_ID reference="uuid" reference-key="AD_Element">e09f0ea9-8c29-43cd-97c5-6d5514a406f3</AD_Element_ID>
        <IsUpdateable>Y</IsUpdateable>
        <AD_Process_ID reference="id"/>
        <ValueMin/>
        <ValueMax/>
        <IsSelectionColumn>N</IsSelectionColumn>
        <ReadOnlyLogic/>
        <EntityType>FTU</EntityType>
        <IsAlwaysUpdateable>N</IsAlwaysUpdateable>
        <ColumnSQL/>
        <MandatoryLogic/>
        <IsAutocomplete>N</IsAutocomplete>
        <IsAllowLogging>Y</IsAllowLogging>
        <FormatPattern/>
        <AD_Chart_ID reference="id"/>
        <AD_Column_UU>43bea083-f0fc-4568-b55c-16a9df1ca3f0</AD_Column_UU>
        <IsAllowCopy>Y</IsAllowCopy>
        <SeqNoSelection>0</SeqNoSelection>
        <IsToolbarButton>N</IsToolbarButton>
        <IsSecure>N</IsSecure>
        <FKConstraintName/>
        <FKConstraintType>N</FKConstraintType>
        <PA_DashboardContent_ID reference="id"/>
    </AD_Column>
    <AD_Element type="table">
        <AD_Client_ID>0</AD_Client_ID>
        <AD_Org_ID>0</AD_Org_ID>
        <IsActive>Y</IsActive>
        <ColumnName>PastDue16_Plus</ColumnName>
        <Name>Past Due &gt;= 16</Name>
        <Description/>
        <Help/>
        <PrintName>Past Due &gt;= 16</PrintName>
        <PO_Description/>
        <PO_Help/>
        <PO_Name/>
        <PO_PrintName/>
        <EntityType>FTU</EntityType>
        <AD_Element_UU>be743b4c-fab3-479d-89b7-1ddc6361f093</AD_Element_UU>
        <AD_Element_Trl type="translation">
            <Help/>
            <PO_Description/>
            <PO_Help/>
            <Name>Despues de Vencimiento &gt;= 16</Name>
            <Description/>
            <PrintName>Despues de Vencimiento &gt;= 16</PrintName>
            <PO_Name/>
            <PO_PrintName/>
            <AD_Language>es_CO</AD_Language>
            <IsActive>Y</IsActive>
            <IsTranslated>N</IsTranslated>
        </AD_Element_Trl>
        <AD_Element_Trl type="translation">
            <Help/>
            <PO_Description/>
            <PO_Help/>
            <Name>Despues de Vencimiento &gt;= 16</Name>
            <Description/>
            <PrintName>Despues de Vencimiento &gt;= 16</PrintName>
            <PO_Name/>
            <PO_PrintName/>
            <AD_Language>es_VE</AD_Language>
            <IsActive>Y</IsActive>
            <IsTranslated>N</IsTranslated>
        </AD_Element_Trl>
    </AD_Element>
    <AD_Column type="table">
        <IsSyncDatabase>Y</IsSyncDatabase>
        <AD_Table_ID reference="id">631</AD_Table_ID>
        <AD_Reference_Value_ID reference="id"/>
        <AD_Client_ID>0</AD_Client_ID>
        <AD_Org_ID>0</AD_Org_ID>
        <Version>0</Version>
        <Name>Past Due &gt;= 16</Name>
        <Description/>
        <Help/>
        <AD_Val_Rule_ID reference="id"/>
        <ColumnName>PastDue16_Plus</ColumnName>
        <DefaultValue>0</DefaultValue>
        <FieldLength>22</FieldLength>
        <IsKey>N</IsKey>
        <IsParent>N</IsParent>
        <IsMandatory>N</IsMandatory>
        <IsTranslated>N</IsTranslated>
        <IsIdentifier>N</IsIdentifier>
        <SeqNo>0</SeqNo>
        <IsEncrypted>N</IsEncrypted>
        <AD_Reference_ID reference="id">12</AD_Reference_ID>
        <IsActive>Y</IsActive>
        <VFormat/>
        <Callout/>
        <AD_Element_ID reference="uuid" reference-key="AD_Element">be743b4c-fab3-479d-89b7-1ddc6361f093</AD_Element_ID>
        <IsUpdateable>Y</IsUpdateable>
        <AD_Process_ID reference="id"/>
        <ValueMin/>
        <ValueMax/>
        <IsSelectionColumn>N</IsSelectionColumn>
        <ReadOnlyLogic/>
        <EntityType>FTU</EntityType>
        <IsAlwaysUpdateable>N</IsAlwaysUpdateable>
        <ColumnSQL/>
        <MandatoryLogic/>
        <IsAutocomplete>N</IsAutocomplete>
        <IsAllowLogging>Y</IsAllowLogging>
        <FormatPattern/>
        <AD_Chart_ID reference="id"/>
        <AD_Column_UU>36bdd0fa-5eb0-4105-8e60-c981329db283</AD_Column_UU>
        <IsAllowCopy>Y</IsAllowCopy>
        <SeqNoSelection>0</SeqNoSelection>
        <IsToolbarButton>N</IsToolbarButton>
        <IsSecure>N</IsSecure>
        <FKConstraintName/>
        <FKConstraintType>N</FKConstraintType>
        <PA_DashboardContent_ID reference="id"/>
    </AD_Column>
</idempiere>
