<?xml version="1.0" encoding="UTF-8"?><idempiere Name="Calcular Precios por Costo de Producto" Version="1.0.0" idempiereVersion="" DataBaseVersion="" Description="Este plugins permite calcular a través de un callout calcular el precio del producto a través del costo del producto." Author="" AuthorEmail="jcolmenarez@frontuari.com" CreatedDate="2017-09-19 23:19:15.743" UpdatedDate="2017-09-19 23:19:15.743" PackOutVersion="100" UpdateDictionary="false" Client="0-SYSTEM-System" AD_Client_UU="11237b53-9592-4af1-b3c5-afd216514b5d">
    <SQLStatement type="custom">
        <DBType>Postgres</DBType>
        <statement><![CDATA[CREATE OR REPLACE FUNCTION productasicostpriceat(
            p_m_product_id numeric,
            p_movementdate timestamp without time zone,
            p_m_attributesetinstance_id numeric)
            RETURNS numeric AS
            $BODY$

            DECLARE
            v_CurrentCostPrice	NUMERIC;
            BEGIN
                SELECT cd.CurrentCostPrice + COALESCE(lc.Price,0) AS CurrentCostPrice 
                    INTO v_CurrentCostPrice
                FROM M_CostDetail cd
                INNER JOIN C_AcctSchema cas ON (cd.C_AcctSchema_ID=cas.C_AcctSchema_ID) 
                LEFT JOIN (SELECT cd.C_InvoiceLine_ID,mpo.C_OrderLine_ID,cd.CurrentCostPrice,cd.Amt/cd.Qty AS Price
                    FROM C_LandedCost lc 
                    INNER JOIN C_LandedCostAllocation lca ON (lc.C_InvoiceLine_ID=lca.C_InvoiceLine_ID)
                    LEFT JOIN M_CostDetail cd ON (cd.C_InvoiceLine_ID =lca.C_InvoiceLine_ID)
                    LEFT JOIN M_InOutLine iol ON (iol.M_InOutLine_ID = lc.M_InOutLine_ID OR iol.M_InOut_ID = lc.M_InOut_ID)
                    LEFT JOIN M_MatchPO mpo ON (mpo.M_InOutLine_ID = iol.M_InOutLine_ID AND mpo.M_Product_ID = cd.M_Product_ID)
                    WHERE mpo.C_OrderLine_ID IS NOT NULL
                    AND cd.CurrentCostPrice <> 0) lc ON lc.C_OrderLine_ID = cd.C_OrderLine_ID
                WHERE cd.M_Product_ID = p_M_Product_ID AND ((cd.M_AttributeSetInstance_ID=p_M_AttributeSetInstance_ID AND cas.CostingLevel = 'B') OR p_M_AttributeSetInstance_ID = 0)
                AND cd.Created::DATE <= p_MovementDate
                AND cd.M_CostElement_ID Is NULL
                ORDER BY cd.Created DESC
                LIMIT 1;

            IF v_CurrentCostPrice IS NULL THEN
                v_CurrentCostPrice := 0;
            END IF;
            RETURN 	v_CurrentCostPrice; END;

            $BODY$
            LANGUAGE plpgsql VOLATILE
            COST 100;]]>
        </statement>
    </SQLStatement>
    <SQLStatement type="custom">
        <DBType>Postgres</DBType>
        <statement>
            <![CDATA[ALTER FUNCTION productasicostpriceat(numeric, timestamp without time zone, numeric) OWNER TO adempiere;]]>
        </statement>
    </SQLStatement>
    <SQLStatement type="custom">
        <DBType>Postgres</DBType>
        <statement><![CDATA[DROP VIEW IF EXISTS lve_rv_pricelist;]]>
        </statement>
    </SQLStatement>
    <SQLStatement type="custom">
        <DBType>Postgres</DBType>
        <statement><![CDATA[CREATE OR REPLACE VIEW lve_rv_pricelist AS 
            SELECT pl.ad_client_id, s.ad_org_id, pl.m_pricelist_id, 
            pl.name AS pricelist_name, pl.c_currency_id, pl.issopricelist, 
            plv.m_pricelist_version_id, plv.name AS pricelist_version_name, 
            plv.validfrom, p.m_product_category_id, pp.m_product_id, 
            COALESCE(s.m_attributesetinstance_id, 0::numeric) AS m_attributesetinstance_id, 
            p.value, p.name, 
            round(max(
            CASE dsl.list_base
            WHEN 'P'::bpchar THEN productasicostpriceat(pp.m_product_id, (CASE WHEN NOW() > plv.validfrom THEN NOW() ELSE plv.validfrom END)::date, COALESCE(s.m_attributesetinstance_id, 0::numeric)) - productasicostpriceat(pp.m_product_id, (CASE WHEN NOW() > plv.validfrom THEN NOW() ELSE plv.validfrom END)::date, COALESCE(s.m_attributesetinstance_id, 0::numeric)) * (dsl.list_discount / 100::numeric)
            WHEN 'L'::bpchar THEN pp.pricelist - (pp.pricelist - dsl.list_discount / 100::numeric)
            WHEN 'S'::bpchar THEN pp.pricestd - (pp.pricestd - dsl.list_discount / 100::numeric)
            WHEN 'X'::bpchar THEN pp.pricelimit - (pp.pricelimit - dsl.list_discount / 100::numeric)
            WHEN 'F'::bpchar THEN dsl.list_fixed
            ELSE NULL::numeric
            END), ( SELECT c_currency.stdprecision
            FROM c_currency
            WHERE c_currency.c_currency_id = pl.c_currency_id)) AS pricelist, 
            round(max(
            CASE dsl.std_base
            WHEN 'P'::bpchar THEN productasicostpriceat(pp.m_product_id, (CASE WHEN NOW() > plv.validfrom THEN NOW() ELSE plv.validfrom END)::date, COALESCE(s.m_attributesetinstance_id, 0::numeric)) - productasicostpriceat(pp.m_product_id, (CASE WHEN NOW() > plv.validfrom THEN NOW() ELSE plv.validfrom END)::date, COALESCE(s.m_attributesetinstance_id, 0::numeric)) * (dsl.std_discount / 100::numeric)
            WHEN 'L'::bpchar THEN pp.pricelist - (pp.pricelist - dsl.std_discount / 100::numeric)
            WHEN 'S'::bpchar THEN pp.pricestd - (pp.pricestd - dsl.std_discount / 100::numeric)
            WHEN 'X'::bpchar THEN pp.pricelimit - (pp.pricelimit - dsl.std_discount / 100::numeric)
            WHEN 'F'::bpchar THEN dsl.std_fixed
            ELSE NULL::numeric
            END), ( SELECT c_currency.stdprecision
            FROM c_currency
            WHERE c_currency.c_currency_id = pl.c_currency_id)) AS pricestd, 
            round(max(
            CASE dsl.limit_base
            WHEN 'P'::bpchar THEN productasicostpriceat(pp.m_product_id, (CASE WHEN NOW() > plv.validfrom THEN NOW() ELSE plv.validfrom END)::date, COALESCE(s.m_attributesetinstance_id, 0::numeric)) - productasicostpriceat(pp.m_product_id, (CASE WHEN NOW() > plv.validfrom THEN NOW() ELSE plv.validfrom END)::date, COALESCE(s.m_attributesetinstance_id, 0::numeric)) * (dsl.limit_discount / 100::numeric)
            WHEN 'L'::bpchar THEN pp.pricelist - (pp.pricelist - dsl.limit_discount / 100::numeric)
            WHEN 'S'::bpchar THEN pp.pricestd - (pp.pricestd - dsl.limit_discount / 100::numeric)
            WHEN 'X'::bpchar THEN pp.pricelimit - (pp.pricelimit - dsl.limit_discount / 100::numeric)
            WHEN 'F'::bpchar THEN dsl.limit_fixed
            ELSE NULL::numeric
            END), ( SELECT c_currency.stdprecision
            FROM c_currency
            WHERE c_currency.c_currency_id = pl.c_currency_id)) AS pricelimit, 
            max(p.rate) AS rate, 
            productasicostpriceat(pp.m_product_id, (CASE WHEN NOW() > plv.validfrom THEN NOW() ELSE plv.validfrom END)::date, COALESCE(s.m_attributesetinstance_id, 0::numeric)) AS costamt, 
            sum(s.qtyavailable) AS qtyavailable, 
            round(max(
            CASE dsl.list_base
            WHEN 'P'::bpchar THEN productasicostpriceat(pp.m_product_id, (CASE WHEN NOW() > plv.validfrom THEN NOW() ELSE plv.validfrom END)::date, COALESCE(s.m_attributesetinstance_id, 0::numeric)) - productasicostpriceat(pp.m_product_id, (CASE WHEN NOW() > plv.validfrom THEN NOW() ELSE plv.validfrom END)::date, COALESCE(s.m_attributesetinstance_id, 0::numeric)) * (dsl.list_discount / 100::numeric)
            WHEN 'L'::bpchar THEN pp.pricelist - (pp.pricelist - dsl.list_discount / 100::numeric)
            WHEN 'S'::bpchar THEN pp.pricestd - (pp.pricestd - dsl.list_discount / 100::numeric)
            WHEN 'X'::bpchar THEN pp.pricelimit - (pp.pricelimit - dsl.list_discount / 100::numeric)
            WHEN 'F'::bpchar THEN dsl.list_fixed
            ELSE NULL::numeric
            END + 
            CASE dsl.list_base
            WHEN 'P'::bpchar THEN productasicostpriceat(pp.m_product_id, (CASE WHEN NOW() > plv.validfrom THEN NOW() ELSE plv.validfrom END)::date, COALESCE(s.m_attributesetinstance_id, 0::numeric)) - productasicostpriceat(pp.m_product_id, (CASE WHEN NOW() > plv.validfrom THEN NOW() ELSE plv.validfrom END)::date, COALESCE(s.m_attributesetinstance_id, 0::numeric)) * (dsl.list_discount / 100::numeric)
            WHEN 'L'::bpchar THEN pp.pricelist - (pp.pricelist - dsl.list_discount / 100::numeric)
            WHEN 'S'::bpchar THEN pp.pricestd - (pp.pricestd - dsl.list_discount / 100::numeric)
            WHEN 'X'::bpchar THEN pp.pricelimit - (pp.pricelimit - dsl.list_discount / 100::numeric)
            WHEN 'F'::bpchar THEN dsl.list_fixed
            ELSE NULL::numeric
            END * (p.rate / 100::numeric)), ( SELECT c_currency.stdprecision
            FROM c_currency
            WHERE c_currency.c_currency_id = pl.c_currency_id)) AS priceentered, 
            CASE
            WHEN productasicostpriceat(pp.m_product_id, (CASE WHEN NOW() > plv.validfrom THEN NOW() ELSE plv.validfrom END)::date, COALESCE(s.m_attributesetinstance_id, 0::numeric)) = 0::numeric THEN 1::numeric
            ELSE (max(
            CASE dsl.list_base
            WHEN 'P'::bpchar THEN productasicostpriceat(pp.m_product_id, (CASE WHEN NOW() > plv.validfrom THEN NOW() ELSE plv.validfrom END)::date, COALESCE(s.m_attributesetinstance_id, 0::numeric)) - productasicostpriceat(pp.m_product_id, (CASE WHEN NOW() > plv.validfrom THEN NOW() ELSE plv.validfrom END)::date, COALESCE(s.m_attributesetinstance_id, 0::numeric)) * (dsl.list_discount / 100::numeric)
            WHEN 'L'::bpchar THEN pp.pricelist - (pp.pricelist - dsl.list_discount / 100::numeric)
            WHEN 'S'::bpchar THEN pp.pricestd - (pp.pricestd - dsl.list_discount / 100::numeric)
            WHEN 'X'::bpchar THEN pp.pricelimit - (pp.pricelimit - dsl.list_discount / 100::numeric)
            WHEN 'F'::bpchar THEN dsl.list_fixed
            ELSE NULL::numeric
            END) - productasicostpriceat(pp.m_product_id, (CASE WHEN NOW() > plv.validfrom THEN NOW() ELSE plv.validfrom END)::date, COALESCE(s.m_attributesetinstance_id, 0::numeric))) / productasicostpriceat(pp.m_product_id, (CASE WHEN NOW() > plv.validfrom THEN NOW() ELSE plv.validfrom END)::date, COALESCE(s.m_attributesetinstance_id, 0::numeric))
            END AS grossmargin
            FROM m_pricelist pl
            JOIN m_pricelist_version plv ON pl.m_pricelist_id = plv.m_pricelist_id
            JOIN m_productprice pp ON plv.m_pricelist_version_id = pp.m_pricelist_version_id
            JOIN ( SELECT p.m_product_id, p.value, p.name, p.m_product_category_id, 
            ( SELECT max(t.rate) AS max
            FROM c_tax t
            WHERE p.c_taxcategory_id = t.c_taxcategory_id) AS rate
            FROM m_product p) p ON pp.m_product_id = p.m_product_id
            LEFT JOIN rv_storage s ON pp.m_product_id = s.m_product_id
            LEFT JOIN m_discountschemaline dsl ON dsl.m_product_id IS NULL AND p.m_product_category_id = dsl.m_product_category_id OR dsl.m_product_id IS NOT NULL AND dsl.m_product_id = p.m_product_id
            GROUP BY pl.ad_client_id, pl.ad_org_id, pl.m_pricelist_id, pl.name, pl.c_currency_id, pl.issopricelist, plv.m_pricelist_version_id, plv.name, plv.validfrom, p.m_product_category_id, pp.m_product_id, p.value, p.name, s.m_attributesetinstance_id, s.ad_org_id;]]>
        </statement>
    </SQLStatement>
    <AD_Column type="table">
        <AD_Column_ID>200451</AD_Column_ID>
        <IsSyncDatabase>Y</IsSyncDatabase>
        <AD_Table_ID reference="id">200016</AD_Table_ID>
        <AD_Reference_Value_ID reference="id"/>
        <AD_Client_ID>0</AD_Client_ID>
        <AD_Org_ID>0</AD_Org_ID>
        <AD_Column_ID>200451</AD_Column_ID>
        <Version>0</Version>
        <Name>Payment amount</Name>
        <Description>Amount being paid</Description>
        <Help>Indicates the amount this payment is for.  The payment amount can be for single or multiple invoices or a partial payment for an invoice.</Help>
        <AD_Val_Rule_ID reference="id"/>
        <ColumnName>PayAmt</ColumnName>
        <DefaultValue>@SQL=SELECT MAX(o.GrandTotal)-COALESCE(SUM(a.PayAmt),0)
            FROM C_Order o 
            LEFT OUTER JOIN C_POSPayment a ON (o.C_Order_ID=a.C_Order_ID)
            WHERE o.C_Order_ID=@C_Order_ID@</DefaultValue>
        <FieldLength>22</FieldLength>
        <IsKey>N</IsKey>
        <IsParent>N</IsParent>
        <IsMandatory>Y</IsMandatory>
        <IsTranslated>N</IsTranslated>
        <IsIdentifier>N</IsIdentifier>
        <SeqNo>0</SeqNo>
        <IsEncrypted>N</IsEncrypted>
        <AD_Reference_ID reference="id">12</AD_Reference_ID>
        <IsActive>Y</IsActive>
        <VFormat/>
        <Callout/>
        <AD_Element_ID reference="id">1477</AD_Element_ID>
        <IsUpdateable>Y</IsUpdateable>
        <AD_Process_ID reference="id"/>
        <ValueMin/>
        <ValueMax/>
        <IsSelectionColumn>N</IsSelectionColumn>
        <ReadOnlyLogic/>
        <EntityType>D</EntityType>
        <IsAlwaysUpdateable>N</IsAlwaysUpdateable>
        <ColumnSQL/>
        <MandatoryLogic/>
        <IsAutocomplete>N</IsAutocomplete>
        <IsAllowLogging>Y</IsAllowLogging>
        <FormatPattern/>
        <AD_Chart_ID reference="id"/>
        <AD_Column_UU>0b3a28bc-b082-431b-837d-f70415ad69cb</AD_Column_UU>
        <IsAllowCopy>Y</IsAllowCopy>
        <SeqNoSelection>0</SeqNoSelection>
        <IsToolbarButton>N</IsToolbarButton>
        <IsSecure>N</IsSecure>
        <FKConstraintName/>
        <FKConstraintType/>
        <PA_DashboardContent_ID reference="id"/>
    </AD_Column>
</idempiere>
