<?xml version="1.0" encoding="UTF-8"?><?xml-stylesheet type="text/css" href="idempiereDocument.css"?><idempiereDocument>
    <header>Frontuari Features Package Description</header>
    <H1>Package Name:</H1>
    <packagename>Frontuari Features</packagename>
    <H1>Author:</H1>
    <Name>Jorge Colmenarez</Name>
    <H1>Email Address:</H1>
    <Email>jcolmenarez@frontuari.com</Email>
    <H1>Created:</H1>
    <Date>2017-09-19 23:19:15.743</Date>
    <H1>Updated:</H1>
    <Date>2017-09-19 23:19:15.743</Date>
    <H1>Description:</H1>
    <description>Este plugins contiene mejoras hechas por la empresa Frontuari, necesarias para el correcto funcionamiento en la empresa Venecauchos, C.A.</description>
    <H1>Instructions:</H1>
    <instructions/>
    <H1>Files in Package:</H1>
    <file>File: PackOut.xml</file>
    <filedirectory>Directory: \dict\</filedirectory>
    <filenotes>Notes: Contains all application/object settings for package</filenotes>
    <H1>Client:</H1>
    <Client>0-SYSTEM-System</Client>
</idempiereDocument>
